entry_id,material,material_subcategory,specific_material,structure,paper_year,paper_title,doi,notes,substrate,waveband,responsivity_bias_V,stability,ref_id,D_star_jones,D_note,LDR_dB,LDR_note,EQE_pct,f3db_Hz,R_fast,eta_fast,tau_rise_fast,tau_fall_fast,R_slow,eta_slow,tau_rise_slow,tau_fall_slow,alpha,beta,delta,gamma,tau_drift,drift_scale,white_sigma,flicker_sigma,kappa,low_freq_amp,low_freq_hz
default_reference,Generic default,,,Fast/slow carrier + trap + drift,2026,Default parameter template derived from photodetector_model.py,,Use this row as the fallback template for incomplete papers,,,,,,,,,,,,4e-06,0.8,0.003,0.008,1e-06,0.8,0.05,0.2,1e-06,50.0,1.0,1e-06,500.0,1.0,2e-09,8e-09,1.0,3e-09,1.5
paper_stub_001,MoS2,,,Phototransistor,2023,Example paper stub A,,Fill missing values from the paper later,,,,,,,,,,,,3.5e-06,,0.004,0.01,,,,,8e-07,,1.0,,,1.0,,,1.0,,
paper_stub_002,Perovskite,,,Vertical photodiode,2024,Example paper stub B,,Only metadata and a few parameters are known yet,,,,,,,,,,,,,0.92,,,6e-07,0.85,0.08,0.25,,,,,,,2e-09,6e-09,1.0,2e-09,0.8
table1_sn_001,Perovskite,Sn,MASnI3 NWs,Photoconductor,,,,ref=35,,,0.0,10080 min,35,88000000000.0,,,,,,0.47,,1.5,0.4,,,,,,,,,,,,,,,
table1_sn_002,Perovskite,Sn,CsSnI3 NWs,Photoconductor,,,,ref=36,,,0.0,,36,385000.0,,,,,,0.054,,0.0838,0.2434,,,,,,,,,,,,,,,
table1_sn_003,Perovskite,Sn,FASnI3,Photoconductor,,,,ref=37,,,0.5,,37,1900000000000.0,,,,,,110000.0,,8.700000000000001,57.0,,,,,,,,,,,,,,,
table1_sn_004,Perovskite,Sn,CsSnI3,Photodiode,,,,ref=39,,,0.0,>30 min,39,150000000000.0,,,,,,0.257,,0.00035,0.0016,,,,,,,,,,,,,,,
table1_sn_005,Perovskite,Sn,Cs2SnI6 NCs,Photoconductor,,,,ref=44; resp~130 A/W,,,-5.0,,44,10000000000000.0,,,,,,130.0,,1.0,1.0,,,,,,,,,,,,,,,
table1_sn_006,Perovskite,Sn,Cs2SnBr6 SCs,Photoconductor,,,,ref=45,,,,20 days,45,27100000000.0,,,,,,,,0.009519999999999999,0.00434,,,,,,,,,,,,,,,
table1_sn_007,Perovskite,Sn,Cs2SnI6,Photoconductor,,,,ref=42; rise_time<100ms;fall_time<100ms,,,,1 month,42,,,,,,,,,0.1,0.1,,,,,,,,,,,,,,,
table1_sn_008,Perovskite,Sn,(PEA)2SnI4,Phototransistor,,,,ref=50; rise_time<0.45s;fall_time>10s,,,-40.0,,50,,,,,,,19000.0,,0.45,10.0,,,,,,,,,,,,,,,
table1_sn_009,Perovskite,Sn,(PEA)2SnI4,Photoconductor,,,,ref=54,,,0.0,1500 bending cycles,54,192000000000.0,,,,,,16.0,,0.63,3.6,,,,,,,,,,,,,,,
table1_sn_010,Perovskite,Sn,(PEA)2SnI4,Phototransistor,,,,ref=56; rise_time~1.6s,,,0.0,,56,1740000000000.0,,,,,,14.57,,1.6,1.7,,,,,,,,,,,,,,,
table1_sn_011,Perovskite,Sn,Graphene/(PEA)2SnI4/MoS2/graphene,Photodiode,,,,ref=57; resp_at_0V=0.121 A/W,,,3.0,>1000 s,57,8090000000.0,,,,,,1100.0,,0.034,0.038,,,,,,,,,,,,,,,
table1_sn_012,Perovskite,Sn,(PEA)2SnI4-semi-CNTs,Phototransistor,,,,ref=59,,,10.0,,59,1.12e+17,,,,,,63000.0,,0.8250000000000001,0.44,,,,,,,,,,,,,,,
table1_sn_013,Perovskite,Sn,(PEA)2SnI4,Photoconductor,,,,ref=60,,,3.0,,60,206000000000.0,,,,,,3290.0,,0.37,3.0500000000000003,,,,,,,,,,,,,,,
table2_bi_001,Perovskite,Bi,Cs3Bi2I9 nanoplates,Photoconductor,,,,ref=63,,,10.0,Moist air for several months,63,10000000000.0,~,,,,,0.0331,,0.010199999999999999,0.037200000000000004,,,,,,,,,,,,,,,
table2_bi_002,Perovskite,Bi,MA3Bi2I9,Photodiode,,,,ref=64; resp~1.76mA/W,,,0.0,>2 months,64,1300000000000.0,,,,,,0.00176,,0.02681,0.041979999999999996,,,,,,,,,,,,,,,
table2_bi_003,Perovskite,Bi,CsBi3I10,Photoconductor,,,,ref=65,,,1.0,3 months,65,193000000000.0,,,,,,21.8,,0.00033,0.00038,,,,,,,,,,,,,,,
table2_bi_004,Perovskite,Bi,CsBi3I10/Si heterojunctions,Photodiode,,,,ref=66; original_times:73/36us,,,-1.0,3 months,66,138000000000.0,,,,,,0.4921,,7.3e-05,3.6e-05,,,,,,,,,,,,,,,
table2_bi_005,Perovskite,Bi,CsBi3I10/SWCNTs,Phototransistor,,,,ref=67; rise_time<0.37s;fall_time<1.01s,,,-20.0,>500 h,67,246000000000000.0,,,,,,60000.0,,0.37,1.01,,,,,,,,,,,,,,,
table2_bi_006,Perovskite,Bi,(TMHD)BiBr5SCs,Photoconductor,,,,ref=69,,,10.0,Under 293 C or 175 h in 60+-5% humidity,69,,,,,,,0.1,,0.0096,0.0103,,,,,,,,,,,,,,,
table2_bi_007,Perovskite,Bi,Cs2AgBiBr6,Photoconductor,,,,ref=73; original_times:956/995us,,,5.0,2 weeks in air,73,566000000000.0,,,,,,7.01,,0.0009559999999999999,0.000995,,,,,,,,,,,,,,,
table2_bi_008,Perovskite,Bi,Cs2AgBiBr6/SnO2 heterojunctions,Photodiode,,,,ref=74; single_rise_time:2ms,,,0.0,>6 months,74,21000000000.0,,,,,,0.11,,0.002,,,,,,,,,,,,,,,,
table2_bi_009,Perovskite,Bi,Cs2AgBiBr6,Photodiode,,,,ref=75,,,0.0,373 K for 10 h or 3 months in open air,75,9400000000000.0,,,,,,1.46,,,,,,,,,,,,,,,,,,
table2_bi_010,Perovskite,Bi,Cs2AgBiBr6,Photodiode,,,,ref=76; single_time~17ns,,,0.0,Under 150 C or 2300 h in ambient air,76,3290000000000.0,,,,,,0.14,,1.7e-08,,,,,,,,,,,,,,,,
table3_sb_cu_yb_001,Perovskite,Sb,MA3Sb2I9 MSCs,Photoconductor,,,,ref=78,,,5.0,2 weeks,78,1000000000000.0,~,,,,,40.0,,0.0004,0.0009000000000000001,,,,,,,,,,,,,,,
table3_sb_cu_yb_002,Perovskite,Sb,Cs3Sb2Cl9 NWs,Photoconductor,,,,ref=79; resp~3616 A/W,,,0.0,,79,1250000.0,,,,,,3616.0,,0.13,0.23,,,,,,,,,,,,,,,
table3_sb_cu_yb_003,Perovskite,Sb,Cs3Sb2Br9 nanoflakes,Photoconductor,,,,ref=80,,,10.0,,80,2600000000000.0,,,,,,3.8,,0.024,0.048,,,,,,,,,,,,,,,
table3_sb_cu_yb_004,Perovskite,Cu,Cs3Cu2I5,Photoconductor,,,,ref=82,,,1.0,1 month,82,690000000000.0,,,,,,0.0649,,0.0262,0.0499,,,,,,,,,,,,,,,
table3_sb_cu_yb_005,Perovskite,Cu,Cs3Cu2I5/GaN heterojunction,Photodiode,,,,ref=83; original_times:95/130us,,,0.0,373 K for 12 h or 1 month,83,1400000000000.0,,,,,,0.28,,9.5e-05,0.00013000000000000002,,,,,,,,,,,,,,,
table3_sb_cu_yb_006,Perovskite,Yb,CsYbI3 NCs/graphene,Phototransistor,,,,ref=84,,,0.0,,84,,,,,,,2400.0,,0.6940000000000001,4.648,,,,,,,,,,,,,,,
table4_non_perovskite_perovskite_001,2D semiconductor,,MoS2,Photoconductor,,,,ref=143,Flexible,Visible,,,143,1000000000000.0,~,,,,,540.0,,0.5,1.1500000000000001,,,,,,,,,,,,,,,
table4_non_perovskite_perovskite_002,2D semiconductor,,InSe,Photoconductor,,,,ref=144; approx_single; original_response_time:~0.17 s,Flexible,Visible,,,144,192000000000.0,,,,,,56.0,,0.17,,,,,,,,,,,,,,,,
table4_non_perovskite_perovskite_003,2D semiconductor,,GaTe,Photoconductor,,,,ref=145,Flexible,Visible,,,145,,,,,,,240.3,,0.4,0.5,,,,,,,,,,,,,,,
table4_non_perovskite_perovskite_004,oxide semiconductor,,ZnO,Photoconductor,,,,ref=146,Flexible,Ultraviolet,,,146,29.6,,,,,,3.24,,17.900000000000002,46.6,,,,,,,,,,,,,,,
table4_non_perovskite_perovskite_005,oxide semiconductor,,Ga2O3,Photovoltaic,,,,ref=147; not_reported,Flexible,Ultraviolet,,,147,82000000000000.0,,97.6,,,,22.75,,,,,,,,,,,,,,,,,,
table4_non_perovskite_perovskite_006,perovskite,,MAPbI3,Photoconductor,,,,ref=148,Rigid,Visible,,,148,7700000000000.0,,,,,,24.8,,0.004,0.0058,,,,,,,,,,,,,,,
table4_non_perovskite_perovskite_007,perovskite,,MAPbI3,Photoconductor,,,,ref=149; lt_single; original_response_time:< 0.1 s,Flexible,Infrared,,,149,,,,,,,0.036,,0.1,,,,,,,,,,,,,,,,
table4_non_perovskite_perovskite_008,perovskite,,MAPbI3,Photovoltaic,,,,ref=150; single; original_response_time:27 ns,Rigid,Infrared,,,150,737000000000.0,,192.0,,,,0.14,,2.7e-08,,,,,,,,,,,,,,,,
table4_non_perovskite_perovskite_009,perovskite,,MAPbI3,Photovoltaic,,,,ref=151; not_reported,Flexible,Infrared,,,151,12200000000000.0,,,,,,0.418,,,,,,,,,,,,,,,,,,
table4_non_perovskite_perovskite_010,perovskite,,MAPbBr3,Photoconductor,,,,ref=152; >; approx_single; original_response_time:~25 us,Rigid,Visible,,,152,10000000000000.0,>,,,,,4000.0,,2.5e-05,,,,,,,,,,,,,,,,
table4_non_perovskite_perovskite_011,perovskite,,MAPbBr3,Photoconductor,,,,ref=75,Flexible,Visible,,,75,659000000000.0,,,,,,5600.0,,3.2000000000000003e-06,9.2e-06,,,,,,,,,,,,,,,
table4_non_perovskite_perovskite_012,perovskite,,MAPbBr3,Photovoltaic,,,,ref=71; single; original_response_time:100 ns,Rigid,Visible,,,71,15000000000000.0,,256.0,,,,0.26,,1.0000000000000001e-07,,,,,,,,,,,,,,,,
table4_non_perovskite_perovskite_013,perovskite,,MAPbCl3,Photoconductor,,,,ref=153,Rigid,Ultraviolet,,,153,100000000000.0,>,,,,,0.07,,0.043000000000000003,0.037,,,,,,,,,,,,,,,
table4_non_perovskite_perovskite_014,perovskite,,MAPbCl3,Photovoltaic,,,,ref=154; >; single; original_response_time:15 ns,Rigid,Ultraviolet,,,154,6000000000000.0,~,190.0,,,,0.15,,1.5000000000000002e-08,,,,,,,,,,,,,,,,
table4_non_perovskite_perovskite_015,perovskite,,MAPbCl3,Photovoltaic,,,,ref=155,Flexible,Ultraviolet,,,155,7950000000000.0,,,,,,0.359,,0.00391,0.00455,,,,,,,,,,,,,,,
table4_non_perovskite_perovskite_016,perovskite,,CsPbBr3,Photoconductor,,,,ref=156,Rigid,Visible,,,156,9000000000000.0,,,,,,55.0,,0.00043,0.00031,,,,,,,,,,,,,,,
table4_non_perovskite_perovskite_017,perovskite,,CsPbBr3,Photoconductor,,,,ref=81; single; original_response_time:16 us,Flexible,Visible,,,81,,,85.0,,,,31.1,,1.6e-05,,,,,,,,,,,,,,,,
table4_non_perovskite_perovskite_018,perovskite,,CsPbBr3,Photovoltaic,,,,ref=157; ~,Rigid,Visible,,,157,18800000000000.0,,172.7,,,,10.0,,2.8e-05,0.00027,,,,,,,,,,,,,,,
table4_non_perovskite_perovskite_019,perovskite,,CsPbBr3,Photovoltaic,,,,ref=133; not_reported,Flexible,Visible,,,133,93500000000000.0,,,,,,10.1,,,,,,,,,,,,,,,,,,
table4_non_perovskite_perovskite_020,perovskite,,CsPbCl3,Photoconductor,,,,ref=158,Rigid,Ultraviolet,,,158,5600000000000.0,,57.0,,,,2.11,,0.077,0.063,,,,,,,,,,,,,,,
table4_non_perovskite_perovskite_021,perovskite,,CsPbCl3,Photoconductor,,,,ref=159; >,Flexible,Ultraviolet,,,159,20000000000000.0,,,,,,1000000.0,,0.3,0.35000000000000003,,,,,,,,,,,,,,,
table4_non_perovskite_perovskite_022,perovskite,,CsPbCl3,Photovoltaic,,,,ref=160,Rigid,Ultraviolet,,,160,5470000000000.0,,,,,,0.19,,4.270000000000001e-06,1.49e-05,,,,,,,,,,,,,,,
table4_non_perovskite_perovskite_023,perovskite,,CsPbCl3,Photovoltaic,,,,ref=161; approx_single; original_response_time:~50 us,Flexible,Ultraviolet,,,161,14000000000000.0,,136.0,,,,0.12,,5e-05,,,,,,,,,,,,,,,,
table4_non_perovskite_perovskite_024,perovskite,,Cs2AgBiBr6,Photoconductor,,,,ref=162,Rigid,Ultraviolet,,,162,566000000000.0,,,,,,7.01,,0.0009559999999999999,0.000995,,,,,,,,,,,,,,,
table4_non_perovskite_perovskite_025,perovskite,,Cs2AgBiBr6,Photovoltaic,,,,ref=163,Rigid,Ultraviolet,,,163,1870000000000.0,,100.0,,,,0.075,,0.00024,0.00029,,,,,,,,,,,,,,,
table4_non_perovskite_perovskite_026,perovskite,,Cs2AgBiBr6,Photovoltaic,,,,ref=164,Flexible,Ultraviolet,,,164,16000000000000.0,,177.8,,,,0.23,,3.7e-06,3.2000000000000003e-06,,,,,,,,,,,,,,,
table5_pm_opds_001,organic semiconductor,Trap-assisted carrier injection,ITO/ZnO/P3HT:4Bx/MoOx/Ag,Photodiode,2023.0,,,ref=91; EQE_raw=64 000; D_raw=4.28 × 10^12; response_time_raw=/; not_reported,,300–800,20.0,,91,4280000000000.0,,,,64000.0,,,,,,,,,,,,,,,,,,,,
table5_pm_opds_002,organic semiconductor,Trap-assisted carrier injection,ITO/TAPC/AIE:C70/C70/MoOx/C70/BCP/Al,Photodiode,2020.0,,,ref=106; EQE_raw=25 000; D_raw=3.08 × 10^12 (D*sh); LDR_raw=≈100; response_time_raw=1.69/10; f3db_raw=30,,300–700,6.0,,106,3080000000000.0,D*sh,100.0,approx,25000.0,30.0,,,0.0016899999999999999,0.01,,,,,,,,,,,,,,,
table5_pm_opds_003,organic semiconductor,Trap-assisted carrier injection,ITO/ZnO/PBDB-T:Y6/MoOX/Ag,Photodiode,2023.0,,,ref=33; EQE_raw=8133; D_raw=4.23 × 10^12; LDR_raw=125; response_time_raw=0.02/0.59; f3db_raw=8900,,300–1000,2.0,,33,4230000000000.0,,125.0,,8133.0,8900.0,,,2e-05,0.00059,,,,,,,,,,,,,,,
table5_pm_opds_004,organic semiconductor,Trap-assisted carrier injection,ITO/ZnO/PBDB-T:Y6/QDs/Ag,Photodiode,2021.0,,,ref=35; EQE_raw=6565; D_raw=4.9 × 10^12; LDR_raw=105; response_time_raw=−/0.04; rise_not_reported; f3db_raw=7200,,300–900,3.0,,35,4900000000000.0,,105.0,,6565.0,7200.0,,,,4e-05,,,,,,,,,,,,,,,
table5_pm_opds_005,organic semiconductor,Trap-assisted carrier injection,ITO/TAPC/PbPc:C70/C70/MoOx:C70/BCP/Al,Photodiode,2023.0,,,ref=107; EQE_raw=6000; D_raw=1 × 10^12 (D*sh); response_time_raw=16.3/33.7,,300–1000,8.0,,107,1000000000000.0,D*sh,,,6000.0,,,,0.016300000000000002,0.0337,,,,,,,,,,,,,,,
table5_pm_opds_006,organic semiconductor,Trap-assisted carrier injection,ITO/PEDOT:PSS/Poly-TPD:P3HT:PCBM/Al,Photodiode,2021.0,,,ref=108; EQE_raw=3600; D_raw=1 × 10^12; response_time_raw=/; not_reported,,300–700,20.0,,108,1000000000000.0,,,,3600.0,,,,,,,,,,,,,,,,,,,,
table5_pm_opds_007,organic semiconductor,Trap-assisted carrier injection,ITO/ZnO/PM6:Y6/CsPbI3 QDs/Ag,Photodiode,2023.0,,,ref=34; EQE_raw=2000; D_raw=1 × 10^12 (D*sh); LDR_raw=123; response_time_raw=0.00035/−; fall_not_reported; f3db_raw=125 000,,300–900,3.0,,34,1000000000000.0,D*sh,123.0,,2000.0,125000.0,,,3.5e-07,,,,,,,,,,,,,,,,
table5_pm_opds_008,organic semiconductor,Trap-assisted carrier injection,ITO/ZnO/PCE-10:COTIC-4F:BFDO-4F/MoOX/Ag,Photodiode,2025.0,,,ref=29; EQE_raw=5708; D_raw=1.13 × 10^12; LDR_raw=83; response_time_raw=2.37/0.58; f3db_raw=1000,,300–1200,2.5,,29,1130000000000.0,,83.0,,5708.0,1000.0,,,0.00237,0.00058,,,,,,,,,,,,,,,
table5_pm_opds_009,organic semiconductor,Trap-assisted carrier injection,ITO/ZnxO:D149/PBDB-T:ITIC-Th/e-ZnO/Ag,Photodiode,2024.0,,,ref=90; EQE_raw=3000; D_raw=1.5 × 10^12; response_time_raw=0.03958/0.37614,,400–900,2.0,,90,1500000000000.0,,,,3000.0,,,,3.958e-05,0.00037613999999999996,,,,,,,,,,,,,,,
table5_pm_opds_010,organic semiconductor,Supressed poclation path,ITO/PEDOT:PSS/P3HT:ETBI-F/Al,Photodiode,2021.0,,,ref=50; EQE_raw=156 000; D_raw=9.5 × 10^12; LDR_raw=85; response_time_raw=/; not_reported,,300–800,-20.0,,50,9500000000000.0,,85.0,,156000.0,,,,,,,,,,,,,,,,,,,,
table5_pm_opds_011,organic semiconductor,Supressed poclation path,ITO/PEDOT:PSS/P3HT:SMPV1/Al,Photodiode,2023.0,,,ref=109; EQE_raw=63 000; D_raw=9.1 × 10^11; response_time_raw=/; not_reported; f3db_raw=17.5,,650–750,20.0,,109,910000000000.0,,,,63000.0,17.5,,,,,,,,,,,,,,,,,,,
table5_pm_opds_012,organic semiconductor,Supressed poclation path,ITO/PEDOT:PSS/P3HT:PC71BM/Al,Photodiode,2024.0,,,ref=36; EQE_raw=31 700; D_raw=1.3 × 10^12; LDR_raw=123; response_time_raw=35/20,,300–700,6.0,,36,1300000000000.0,,123.0,,31700.0,,,,0.035,0.02,,,,,,,,,,,,,,,
table5_pm_opds_013,organic semiconductor,Supressed poclation path,ITO/PEDOT:PSS/Poly-TPD layer/P3HT:PC61BM/Al,Photodiode,2022.0,,,ref=110; EQE_raw=21 400; D_raw=1 × 10^13; LDR_raw=114; response_time_raw=4/6; f3db_raw=87.5,,300–700,8.0,,110,10000000000000.0,,114.0,,21400.0,87.5,,,0.004,0.006,,,,,,,,,,,,,,,
table5_pm_opds_014,organic semiconductor,Supressed poclation path,Ag/LiF/Ag/ITO/PEDOT:PSS/P3HT:PC71BM/Al,Photodiode,2022.0,,,ref=31; EQE_raw=9300; D_raw=8.3 × 10^11; response_time_raw=420/190,,300–400,15.0,,31,830000000000.0,,,,9300.0,,,,0.42,0.19,,,,,,,,,,,,,,,
table5_pm_opds_015,organic semiconductor,Supressed poclation path,ITO/PDIN/Poly-TPD:Y6/MoOx/P3HT:PC71BM/Al,Photodiode,2023.0,,,ref=111; EQE_raw=7500; D_raw=1.2 × 10^12; response_time_raw=40/344,,300–700,10.0,,111,1200000000000.0,,,,7500.0,,,,0.04,0.34400000000000003,,,,,,,,,,,,,,,
table5_pm_opds_016,organic semiconductor,Supressed poclation path,ITO/ZnPc:C60/HATNA-Cl6/Al,Photodiode,2021.0,,,ref=30; EQE_raw=6000; D_raw=2.2 × 10^12; response_time_raw=0.54/0.65; f3db_raw=19 500,,300–900,-2.5,,30,2200000000000.0,,,,6000.0,19500.0,,,0.00054,0.0006500000000000001,,,,,,,,,,,,,,,
table5_pm_opds_017,organic semiconductor,Supressed poclation path,ITO/PEDOT:PSS/P-TPD:P3HT/P3HT:PC71BM/Al,Photodiode,2021.0,,,ref=112; EQE_raw=1120; D_raw=6.4 × 10^11; LDR_raw=150.6; response_time_raw=200/600,,600–700,10.0,,112,640000000000.0,,150.6,,1120.0,,,,0.2,0.6,,,,,,,,,,,,,,,
table5_pm_opds_018,organic semiconductor,Supressed poclation path,ITO/BDP-OMe:C60/HATNA-Cl6/Al,Photodiode,2022.0,,,ref=88; EQE_raw=600; D_raw=1.8 × 10^13; LDR_raw=80; response_time_raw=/; not_reported; f3db_raw=39 000,,300–900,-10.0,,88,18000000000000.0,,80.0,,600.0,39000.0,,,,,,,,,,,,,,,,,,,
table5_pm_opds_019,organic semiconductor,Blocking-induced band bending,ITO/ZnO/BHJ/BCP/Ag,Photodiode,2025.0,,,ref=45; EQE_raw=113 702; D_raw=5.7 × 10^13 (D*sh); LDR_raw=98; response_time_raw=0.25/1.17; f3db_raw=220,,300–1200,-2.0,,45,57000000000000.0,D*sh,98.0,,113702.0,220.0,,,0.00025,0.00117,,,,,,,,,,,,,,,
table5_pm_opds_020,organic semiconductor,Blocking-induced band bending,ITO/TAPC/PbPc/HAT-CN/BCP/Al,Photodiode,2023.0,,,ref=113; EQE_raw=5675; D_raw=5 × 10^11 (D*sh); response_time_raw=/; not_reported,,300–1000,6.0,,113,500000000000.0,D*sh,,,5675.0,,,,,,,,,,,,,,,,,,,,
table5_pm_opds_021,organic semiconductor,Blocking-induced band bending,Ag/IB/HBL/C60:D6/ETL/Ag,Photodiode,2023.0,,,ref=114; EQE_raw=3000; D_raw=1 × 10^13; response_time_raw=/; not_reported; f3db_raw=10,,300–1100,9.0,,114,10000000000000.0,,,,3000.0,10.0,,,,,,,,,,,,,,,,,,,
table5_pm_opds_022,organic semiconductor,Blocking-induced band bending,ITO/HBL/HBL:C60/ZnPc:C60/HATN-Cl6/Al,Photodiode,2025.0,,,ref=53; EQE_raw=1290; D_raw=1.7 × 10^12 (D*sh); LDR_raw=120; response_time_raw=0.022/0.027; f3db_raw=25 000,,400–900,-8.0,,53,1700000000000.0,D*sh,120.0,,1290.0,25000.0,,,2.2e-05,2.7e-05,,,,,,,,,,,,,,,
table5_pm_opds_023,organic semiconductor,Blocking-induced band bending,ITO/HBL/C70/TAPC:C70/BCP/Al,Photodiode,2020.0,,,ref=89; EQE_raw=12 2270; D_raw=5.9 × 10^12 (D*sh); response_time_raw=/; not_reported; f3db_raw=100,,300–800,-6.0,,89,5900000000000.0,D*sh,,,122270.0,100.0,,,,,,,,,,,,,,,,,,,
table5_pm_opds_024,organic semiconductor,Blocking-induced band bending,ITO/ZnO/BHJ/Bphen/Ag,Photodiode,2020.0,,,ref=115; EQE_raw=660; D_raw=< 10^9; response_time_raw=−/1; rise_not_reported,,600–1400,-8.0,,115,1000000000.0,<,,,660.0,,,,,0.001,,,,,,,,,,,,,,,
